{"coco/arm_precision": 0.415, "coco/bbox_mAP": 0.561, "coco/bbox_mAP_50": 0.753, "coco/bbox_mAP_75": 0.618, "coco/bbox_mAP_s": 0.474, "coco/bbox_mAP_m": 0.66, "coco/bbox_mAP_l": 0.505, "coco/segm_mAP": 0.415, "coco/segm_mAP_50": 0.769, "coco/segm_mAP_75": 0.396, "coco/segm_mAP_s": 0.275, "coco/segm_mAP_m": 0.455, "coco/segm_mAP_l": 0.481, "data_time": 0.008745358665648581, "time": 0.13284952852099421}